"Dewey classification","BL record ID","Type of resource","Content type","Material type","BNB number","Archival Resource Key","ISBN","Name","Dates associated with name","Type of name","Role","All names","Title","Variant titles","Series title","Number within series","Country of publication","Place of creation/publication","Publisher","Date of creation/publication","Edition","Physical description","BL shelfmark","Topics","Genre","Languages","Notes","Provenance"
"016.823914","008440229","Monograph","Language material ; Text","Volume","","","9780816186037","Pringle, David","","person","","Pringle, David [person]","J.G. Ballard : a primary and secondary bibliography","","Masters of science fiction and fantasy","","United States of America","Boston, Massachusetts","G.K. Hall","1984","","","85/21767","Science fiction, English--Bibliography ; Ballard, J. G, 1930-2009--Bibliography","","English","",""
"306","014681389","Monograph","Language material ; Text","Volume","GBA894906","","9780007292790","Ballard, J. G.","1930-2009","person","","Ballard, J. G., 1930-2009 [person]","A user's guide to the millennium","","","","England","London","HarperCollins","2008","","1 volume, 20 cm","","Culture ; Civilization, Modern--20th century ; Technology--Social aspects","","English","Includes index ; Originally published: 1996",""
"320.510973","019034403","Monograph","Language material ; Text","Volume","GBB907203","","9781476664668","Heffernan, Niall","1977-","person","author","Heffernan, Niall, 1977-, author [person]","In the shadow of the bomb : the legacy of the Cold War in Dr. Strangelove, End Zone, Crash and The Wire","","","","United States of America","Jefferson, North Carolina","McFarland","2018","","vii, 201 pages, 23 cm","YC.2019.a.592","DeLillo, Don ; Dr. Strangelove (Motion picture) ; Wire (Television program) ; Ballard, J. G, 1930-2009 ; Neoliberalism in popular culture--United States ; Cold War--Influence","","English","",""
"759.2","014546503","Monograph","Language material ; Text","Volume","GBA983368","","9780955613401","Harper, Andy","","person","","Harper, Andy [person]","The ballad of Mistah Bones","","","","England","London","Frost & Reed Contemporary","2007","","24 pages, chielfly colour illustrations, 25 cm","YK.2009.b.5864","Ballard, J. G, 1930-2009 ; Painting, English--21st century","","English","",""
"779.092","013086516","Monograph","Language material ; Text","Volume","GBA505321","","9781903781029","Robinson, Jamie","","person","","Shashou, Natalie [person] ; Ballard, J. G., 1930-2009 [person] ; Robinson, Jamie [person]","Pleasant lands","","","","England","London","Immprint","2005","","196 pages, illustrations, 31 cm","","Documentary photography ; Robinson, Jamie","","English","",""
"779.451132","016867044","Monograph","Language material ; Still image ; Text","Volume","GBB4B5391","","9780992815707","Bollen, James H.","","person","photographer","Bollen, James H., photographer [person]","Jim's terrible city : J.G. Ballard and Shanghai","","","","England","","James H. Bollen","2014","First edition","96 pages, chiefly illustrations (black and white and colour), 24 cm","LC.31.a.15175","Shanghai (China)--Pictorial works ; Ballard, J. G, 1930-2009--Homes and haunts ; Photography, Artistic","Pictorial work","English","Limited edition of 1000 copies ; Title from cover",""
"791.4372","019934373","Monograph","Language material ; Text","Online resource","GBC0E5781","","9781838715168","Sinclair, Iain","","person","","British Film Institute [organisation] ; Sinclair, Iain [person]","Crash : David Cronenberg's post-mortem on J.G. Ballard's 'Trajectory of fate'","Atrocity Exhibitions -- ; Cronenberg's Crash -- ; J.G. Ballard and James Ballard -- ; Liquid Mirror: Ballard Dissolves to Cronenberg -- ; Novel as Audition Piece -- ; The Other Crash Films -- ; The Trajectory of Fate ; White Nights on the Bauhaus Balcony --","BFI modern classics","","England ; United Kingdom","London","British Film Institute","2019","","1 online resource (112 pages)","ELD.DS.550757","Cronenberg, David, 1943- ; Crash (Cronenberg) ; Crash (Ballard, J. G.) ; Ballard, J. G, 1930-2009 ; Cronenberg, David, 1943---Criticism and interpretation ; Ballard, J. G. (James Graham), 1930- ; Crash (Film) ; Crash (Motion picture) ; Cronenberg, David, 1943---Critique et interprétation ; Crash (Motion picture : 1996)","Criticsm and interpretation","English","",""
"823","010707377","Monograph","Language material ; Text","Volume","GB9191482","","9780586090633","Ballard, J. G.","1930-2009","person","","Ballard, J. G., 1930-2009 [person]","War fever","","","","England","","Grafton ; HarperCollins","1991","","1 volume","H.91/3221","","","English","",""
"823","016470028","Monograph","Language material ; Text","Volume","","","9782877755337","Kraitsowits, Stephan","","person","","Kraitsowits, Stephan [person]","J.G. Ballard : inventer la réalité","","","","France","Mont-Saint-Aignan","des universités de Rouen & du Havre","2011","","212 pages, 21 cm","YF.2013.a.16977","Ballard, J. G, 1930-2009--Criticism and interpretation ; British Science Fiction Literature--20th Century--Criticism and interpretation--Ballard","","French","",""
"823.0071241","007375349","Monograph","Language material ; Text","Volume","GB8931860","","9780435164188","Hales, Sheila","","person","","Hales, Sheila [person] ; Ballard, J. G., 1930-2009 [person]","Empire of the sun, J.G. Ballard","Empire of the sun","Heinemann fiction project ; Teaching strategies for literature and language","","England","Oxford","Heinemann","1989","","48 pages, illustrations, 30 cm","Cup.936/1086","Fiction--Study and teaching (Secondary)--Great Britain ; Great Britain--Secondary schools--Curriculum subjects--Fiction in English--Teaching ; English literature--Study and teaching (Secondary)--Great Britain","","English","In plastic slip case",""
"823.087609","015894677","Monograph","Language material ; Text","Volume","GBB1B0350","","9780415500623","Greenland, Colin","1954-","person","","Greenland, Colin, 1954- [person]","The entropy exhibition : Michael Moorcock and the British 'New Wave' in science fiction","","Routledge revivals","","England","London","Routledge","2011","","244 pages, 22 cm","","Science fiction, English--History and criticism ; Ballard, J. G, 1930-2009--Criticism and interpretation ; Aldiss, Brian W. (Brian Wilson), 1925-2017--Criticism and interpretation ; Moorcock, Michael, 1939---Criticism and interpretation ; New worlds (London, England)","","English","",""
"823.087609","016224910","Monograph","Language material ; Text","Volume","GBB2C2183","","9780415519946","Greenland, Colin","1954-","person","","Greenland, Colin, 1954- [person]","Entropy exhibition : Michael Moorcock and the British 'New Wave' in science fiction","","Routledge revivals","","England","London","Routledge","2013","","1 volume, 22 cm","","Science fiction, English--History and criticism ; Ballard, J. G, 1930-2009--Criticism and interpretation ; Aldiss, Brian W. (Brian Wilson), 1925-2017--Criticism and interpretation ; Moorcock, Michael, 1939---Criticism and interpretation ; New worlds (London, England)","","English","",""
"823.8","017403674","Monograph","Language material ; Text","Volume","","","9783837622027","Mieszkowski, Sylvia","","person","author","Mieszkowski, Sylvia, author [person]","Resonant alterities : sound, desire and anxiety in non-realist fiction","","Cultural and media studies","","Germany","Bielefeld","Transcript","2014","","402 pages, 23 cm","YD.2015.a.1333","English fiction--History and criticism ; Noise in literature ; Sound in literature ; Ballard, J. G, 1930-2009--Criticism and interpretation ; American fiction--History and criticism ; Blackwood, Algernon, 1869-1951--Criticism and interpretation ; DeLillo, Don ; Klang ; Senses and sensation in literature ; Wahrnehmung ; Lee, Vernon, 1856-1935 ; Literatur ; DeLillo, Don--Criticism and interpretation ; Lee, Vernon, 1856-1935--Criticism and interpretation","Criticsm and interpretation","English","Additional physical form: 9783839422021",""
"823.91","005589097","Monograph","Language material ; Text","Volume","GB7510870","","9780552097482","","","","","Ballard, J. G., 1930-2009 [person] ; Aldiss, Brian W. (Brian Wilson), 1925-2017 [person] ; Peake, Mervyn, 1911-1968 [person]","The inner landscape","Boy in darkness ; Danger, religion! ; The voices of time","Corgi SF collector's library","","England","London","Corgi","1975","","187 pages, 18 cm","","Short stories in English, 1900---Texts ; Short stories, English","","English","This collection originally published: London : Allison and Busby, 1969",""
"823.91","006993769","Monograph","Language material ; Text","Volume","GB6300981","","","Ballard, J. G.","1930-2009","person","","Ballard, J. G., 1930-2009 [person]","The drowned world","","","","United Kingdom","","Gollancz","1962","","175 pages, 21 cm","","","","English","",""
"823.91","006999361","Monograph","Language material ; Text","Volume","GB6307822","","","Ballard, J. G.","1930-2009","person","","Ballard, J. G., 1930-2009 [person]","The four-dimensional nightmare","","","","United Kingdom","","Gollancz","1963","","208 pages, 21 cm","","","","English","",""
"823.91","007361952","Monograph","Language material ; Text","Volume","GB7530630","","9780224011686","Ballard, J. G.","1930-2009","person","","Ballard, J. G., 1930-2009 [person]","High-rise","","","","England","London","Cape","1975","","2, 204 pages, 21 cm","Nov.30822","Fiction in English ; Fiction in English--1900---Texts","Science fiction","English","",""
"823.91","007362054","Monograph","Language material ; Text","Volume","GB7701841","","9780224013116","Ballard, J. G.","1930-2009","person","","Ballard, J. G., 1930-2009 [person]","Low-flying aircraft, and other stories","","","","England","London","Cape","1976","","191 pages, 21 cm","Nov.33307","Science fiction, English ; Short stories in English--1900---Texts","","English","",""
"823.91","007362338","Monograph","Language material ; Text","Volume","GB7925384","","9780224017428","Ballard, J. G.","1930-2009","person","","Ballard, J. G., 1930-2009 [person]","The unlimited dream company","","","","England","London","Cape","1979","","223 pages, 21 cm","Nov.39516","Fiction in English ; Fiction in English--1900---Texts","","English","",""
"823.91","007362469","Monograph","Language material ; Text","Volume","GB8104296","","9780224019149","Ballard, J. G.","1930-2009","person","","Ballard, J. G., 1930-2009 [person]","Hello America","","","","England","London","Cape","1981","","224 pages, 21 cm","Nov.43469","Fiction in English--1945---Texts","Science fiction","English","",""
"823.91","007363243","Monograph","Language material ; Text","Volume","GB8225521","","9780224029360","Ballard, J. G.","1930-2009","person","","Ballard, J. G., 1930-2009 [person]","Myths of the near future","","","","England","London","Cape","1982","","205 pages, 21 cm","X.958/12230","Science fiction, English ; Short stories in English--1945---Texts","","English","",""
"823.91","007669877","Monograph","Language material ; Text","Volume","GB6412914","","","Ballard, J. G.","1930-2009","person","","Ballard, J. G., 1930-2009 [person]","The terminal beach","","","","United Kingdom","","Gollancz","1964","","221 pages, 21 cm","","","","English","",""
"823.91","007681093","Monograph","Language material ; Text","Volume","GB7415563","","9780140022292","Ballard, J. G.","1930-2009","person","","Ballard, J. G., 1930-2009 [person]","The drowned world","","Science fiction","","England","Harmondsworth","Penguin","1974","","171 pages, 18 cm","","Fiction in English, 1900---Texts","","English","Originally published: New York : Berkley, 1962 ; London : Gollancz, 1963",""
"823.91","007681118","Monograph","Language material ; Text","Volume","GB7415660","","9780140024999","Ballard, J. G.","1930-2009","person","","Ballard, J. G., 1930-2009 [person]","The terminal beach","","Science fiction","","England","Harmondsworth","Penguin","1974","","224 pages, 18 cm","","Short stories in English, 1900---Texts ; Short stories, English","","English","This collection originally published: London : Gollancz, 1964",""
"823.91","007681133","Monograph","Language material ; Text","Volume","GB7415564","","9780140025910","Ballard, J. G.","1930-2009","person","","Ballard, J. G., 1930-2009 [person]","The wind from nowhere","","Science fiction","","England","Harmondsworth","Penguin","1974","","186 pages, 18 cm","","Fiction in English, 1900---Texts","","English","Originally published: U.S.A. : [s.n.], 1962 ; Harmondsworth : Penguin, 1967",""
"823.91","007681141","Monograph","Language material ; Text","Volume","GB7415562","","9780140027532","Ballard, J. G.","1930-2009","person","","Ballard, J. G., 1930-2009 [person]","The drought","","Science fiction","","England","Harmondsworth","Penguin","1974","","176 pages, 18 cm","","Fiction in English, 1900---Texts","","English","Originally published: London : Cape, 1965",""
"823.91","007687914","Monograph","Language material ; Text","Volume","GB7316846","","9780224007825","Ballard, J. G.","1930-2009","person","","Ballard, J. G., 1930-2009 [person]","Crash","","","","England","London","Cape","1973","","224 pages, 21 cm","","Fiction in English, 1900---Texts ; Traffic accidents--Fiction ; Obsessive-compulsive disorder--Fiction ; Male friendship--Fiction ; Women--Crimes against--Fiction ; Traffic accident victims--Fiction","Fiction","English","",""
"823.91","007687992","Monograph","Language material ; Text","Volume","GB7330403","","9780224008945","Ballard, J. G.","1930-2009","person","","Ballard, J. G., 1930-2009 [person]","Vermilion Sands","","","","England","London","Cape","1973","","208 pages, 21 cm","","Science fiction, English ; Short stories in English, 1900---Texts","","English","",""
"823.91","007688047","Monograph","Language material ; Text","Volume","GB7409901","","9780224009706","Ballard, J. G.","1930-2009","person","","Ballard, J. G., 1930-2009 [person]","Concrete island","","","","England","London","Cape","1974","","176 pages, 21 cm","75/7540","Fiction in English, 1900---Texts","Science fiction","English","",""
"823.91","008110984","Monograph","Language material ; Text","Volume","GB6911830","","9780850310054","Peake, Mervyn","1911-1968","person","","Ballard, J. G., 1930-2009 [person] ; Aldiss, Brian W. (Brian Wilson), 1925-2017 [person] ; Peake, Mervyn, 1911-1968 [person]","The inner landscape","","","","England","London","Allison & Busby","1969","","151 pages","YA.1996.a.1507","Science fiction","","English","Originally published (B56-16737) in 'Sometime never'. London: Eyre & Spottiswoode, 1956",""
"823.91","008339213","Monograph","Language material ; Text","Volume","GB6509466","","","Ballard, J. G.","1930-2009","person","","Ballard, J. G., 1930-2009 [person]","The drought","","","","United Kingdom","","Cape","1965","","252 pages, 20 cm","","","","English","",""
"823.91","009014855","Monograph","Language material ; Text","Volume","GB6606467","","","Ballard, J. G.","1930-2009","person","","Ballard, J. G., 1930-2009 [person]","The crystal world","","","","United Kingdom","","Cape","1966","","221 pages, 20 cm","","","","English","",""
"823.91","009078374","Monograph","Language material ; Text","Volume","GB7821496","","9780586024195","Ballard, J. G.","1930-2009","person","","Ballard, J. G., 1930-2009 [person]","The crystal world","","","","England","London","Triad","1978","","175 pages, 18 cm","","Fiction in English, 1900---Texts","","English","Originally published: London : Cape, 1966",""
"823.91","009078399","Monograph","Language material ; Text","Volume","GB7723710","","9780586044568","Ballard, J. G.","1930-2009","person","","Ballard, J. G., 1930-2009 [person]","High-rise","","","","England","St Albans","Triad","1977","","173 pages, 18 cm","","Fiction in English, 1900---Texts","","English","Originally published: London : Cape, 1975",""
"823.91","009666960","Monograph","Language material ; Text","Volume","GB6706505","","","Ballard, J. G.","1930-2009","person","","Ballard, J. G., 1930-2009 [person]","The wind from nowhere","","Penguin Science fiction","","United Kingdom","","Penguin","1967","","186 pages, 18 cm","","","","English","",""
"823.91","009677818","Monograph","Language material ; Text","Volume","GB6720314","","","Ballard, J. G.","1930-2009","person","","Ballard, J. G., 1930-2009 [person]","The disaster area","","","","United Kingdom","","Cape","1967","","206 pages, 20 cm","","","","English","",""
"823.91","009681862","Monograph","Language material ; Text","Volume","GB7421645","","9780575018594","Ballard, J. G.","1930-2009","person","","Ballard, J. G., 1930-2009 [person]","The four-dimensional nightmare","","","","England","London","Gollancz","1974","","197 pages, 21 cm","","Short stories in English, 1900---Texts ; Short stories, English","","English","This collection originally published: 1963",""
"823.91","009681863","Monograph","Language material ; Text","Volume","GB7421646","","9780575018600","Ballard, J. G.","1930-2009","person","","Ballard, J. G., 1930-2009 [person]","The terminal beach","","","","England","London","Gollancz","1974","","221 pages, 21 cm","","Short stories in English, 1900---Texts ; Short stories, English","","English","This collection originally published: 1964",""
"823.91","009685419","Monograph","Language material ; Text","Volume","GB7521131","","9780586041055","Ballard, J. G.","1930-2009","person","","Ballard, J. G., 1930-2009 [person]","Crash","","","","England","St Albans","Panther","1975","","192 pages, 18 cm","","Fiction in English, 1900---Texts","","English","Originally published: London : Cape, 1973",""
"823.91","009685420","Monograph","Language material ; Text","Volume","GB7618445","","9780586041062","Ballard, J. G.","1930-2009","person","","Ballard, J. G., 1930-2009 [person]","Concrete island","","","","England","St Albans","Panther","1976","","176 pages, 18 cm","","Fiction in English, 1900---Texts","","English","Originally published: London : Cape, 1974",""
"823.91","009685432","Monograph","Language material ; Text","Volume","GB7621406","","9780586041611","Ballard, J. G.","1930-2009","person","","Ballard, J. G., 1930-2009 [person]","Vermilion sands","","Panther science fiction","","England","Frogmore","Panther","1975","","208 pages, 18 cm","","Fiction in English, 1900---Texts","","English","This collection originally published: London : Cape, 1973",""
"823.91","009937948","Monograph","Language material ; Text","Volume","GB6811373","","","Ballard, J. G.","1930-2009","person","","Ballard, J. G., 1930-2009 [person]","The drought","","Penguin science fiction","","United Kingdom","","Penguin","1968","","176 pages, 18 cm","H.68/216","","","English","Originally published (B65-9466), Cape 1965",""
"823.91","009937949","Monograph","Language material ; Text","Volume","GB6717647","","","Ballard, J. G.","1930-2009","person","","Ballard, J. G., 1930-2009 [person]","The day of forever","","","","United Kingdom","","Panther","1967","","141 pages, 18 cm","X.907/7840","","","English","",""
"823.91","009938050","Monograph","Language material ; Text","Volume","GB7300403","","9780586035740","Ballard, J. G.","1930-2009","person","","Ballard, J. G., 1930-2009 [person]","The atrocity exhibition","","","","England","London","Panther","1972","","139 pages, 18 cm","H.73/13","Fiction in English, 1900---Texts","","English","Originally published, London: Cape, 1970",""
"823.91","009938052","Monograph","Language material ; Text","Volume","GB7128816","","9780586023365","Ballard, J. G.","1930-2009","person","","Ballard, J. G., 1930-2009 [person]","The overloaded man","","Panther science fiction","","England","London","Panther","1971","","158 pages, 18 cm","H.71/731","Short stories in English, 1900---Texts","","English","Originally published 1967",""
"823.91","010316431","Monograph","Language material ; Text","Volume","GB6821433","","","Ballard, J. G.","1930-2009","person","","Ballard, J. G., 1930-2009 [person]","The crystal world","","Panther science fiction","","United Kingdom","","Panther","1968","","175 pages, 18 cm","","","","English","Originally published (B66-6467), Cape 1966",""
"823.91","010365089","Monograph","Language material ; Text","Volume","GB7901514","","9780140024999","Ballard, J. G.","1930-2009","person","","Ballard, J. G., 1930-2009 [person]","The terminal beach","","","","England","Harmondsworth","Penguin","1979","","224 pages, 18 cm","","Short stories in English, 1900---Texts ; Short stories, English","","English","This collection originally published: London : Gollancz, 1964",""
"823.91","010544904","Monograph","Language material ; Text","Volume","GB7922753","","9780586035740","Ballard, J. G.","1930-2009","person","","Ballard, J. G., 1930-2009 [person]","The atrocity exhibition","","","","England","St Albans","Triad","1979","","139 pages, 18 cm","H.79/2281","Fiction in English ; Fiction in English--1900---Texts","","English","Originally published: London : Cape, 1970",""
"823.91","010705360","Monograph","Language material ; Text","Volume","GB7828931","","9780586045039","Ballard, J. G.","1930-2009","person","","Ballard, J. G., 1930-2009 [person]","Low-flying aircraft, and other stories","","","","England","St Albans","Triad","1978","","191 pages, 18 cm","H.78/1021","Short stories in English--1900---Texts ; Short stories, English","","English","This collection originally published: London : Cape, 1976",""
"823.91","010705361","Monograph","Language material ; Text","Volume","GB7824520","","9780586045046","Ballard, J. G.","1930-2009","person","","Ballard, J. G., 1930-2009 [person]","The drought","","","","England","St Albans","Triad","1978","","188 pages, 18 cm","YC.1986.a.1777","Fiction in English ; Fiction in English--1900---Texts","","English","Originally published: London : Cape, 1965",""
"823.91","010705691","Monograph","Language material ; Text","Volume","GB8100415","","9780586051870","Ballard, J. G.","1930-2009","person","","Ballard, J. G., 1930-2009 [person]","The Venus hunters","","A Panther book","","England","London","Granada","1980","","144 pages, 18 cm","H.81/86","Short stories in English--1945---Texts","","English","",""
"823.91","010705702","Monograph","Language material ; Text","Volume","GB8209543","","9780586052051","Ballard, J. G.","1930-2009","person","","Ballard, J. G., 1930-2009 [person]","The unlimited dream company","","","","England","London","Granada ; Triad","1981","","220 pages, 18 cm","H.82/351","Fiction in English--1945---Texts","","English","Originally published: London : Cape, 1979",""
"823.91","010950852","Monograph","Language material ; Text","Volume","GB7017688","","9780224618380","Ballard, J. G.","1930-2009","person","","Ballard, J. G., 1930-2009 [person]","The atrocity exhibition","","","","England","London","Cape","1970","","157 pages, 20 cm","","","Science fiction","English","",""
"823.91","011584454","Monograph","Language material ; Text","Volume","GB7023429","","9780552085007","Peake, Mervyn","1911-1968","person","","Ballard, J. G., 1930-2009 [person] ; Aldiss, Brian W. (Brian Wilson), 1925-2017 [person] ; Peake, Mervyn, 1911-1968 [person]","The inner landscape","Boy in darkness ; Danger: religion! ; Voices of time","","","England","London","Corgi","1970","","190 pages, 18 cm","","","","English","Contents: Peake, Mervyn. Boy in darkness. Originally published (B56-16737) in 'Sometime never'. London: Eyre & Spottiswoode, 1956. - Ballard, James Graham. The voices of time. - Aldiss, Brian Wilson. Danger: religion! ; Originally published (B56-16737) in 'Sometime never'. London: Eyre & Spottiswoode, 1956 ; Originally published (B69-11830), London: Allison & Busby, 1969",""
"823.91","011588322","Monograph","Language material ; Text","Volume","GB7003189","","9780586028148","Ballard, J. G.","1930-2009","person","","Ballard, J. G., 1930-2009 [person]","The disaster area","","","","England","London","Panther","1969","","191 pages, 18 cm","","","","English","Originally published (B67-20314), London: Cape, 1967",""
"823.91","011643603","Monograph","Language material ; Text","Volume","GB8859305","","9780586201008","Ballard, J. G.","1930-2009","person","","Ballard, J. G., 1930-2009 [person]","The day of creation","","","","England","","Grafton","1988","","287 pages","","Fiction in English--1945---Texts","","English","",""
"823.91","012295843","Monograph","Language material ; Text","Volume","GB7730735","","9780140023459","Ballard, J. G.","1930-2009","person","","Ballard, J. G., 1930-2009 [person]","The four-dimensional nightmare","","Penguin science fiction","","England","Harmondsworth","Penguin","1977","","211 pages, 18 cm","","Short stories in English, 1900---Texts ; Short stories, English","","English","'reprinted, with the two stories 'Prima belladonna' and 'Studio 5, the stars' replaced by 'The overloaded man' and 'Thirteen to Centaurus' - title page verso ; This collection originally published: London : Gollancz, 1963",""
"823.91","012300198","Monograph","Language material ; Text","Volume","GB8603258","","9780586045046","Ballard, J. G.","1930-2009","person","","Ballard, J. G., 1930-2009 [person]","The drought","","","","England","London","Triad","1985","","188 pages, 20 cm","","Fiction in English--1945---Texts","","English","Originally published: London : Cape, 1965",""
"823.91","012305385","Monograph","Language material ; Text","Sheet","GB8826625","","9780708984802","Ballard, J. G.","1930-2009","person","","Ballard, J. G., 1930-2009 [person]","The day of creation","","","","England","","Charnwood","1988","","384 pages (large print)","","Fiction in English--1945---Texts","","English","",""
"823.914","005701239","Monographic component part","Language material ; Text","Volume","","","9780916732837 ; 9780916732844","Brigg, Peter","","person","","Brigg, Peter [person]","J.G. Ballard","","","","United States of America","Mercer Island, Washington","Starmont House","1985","","","8436.050000","Science fiction, English--History and criticism ; Ballard, J. G, 1930-2009--Criticism and interpretation","","English","",""
"823.914","006357599","Monographic component part","Language material ; Text","Volume","","","9780853238218 ; 9780853238317","Luckhurst, Roger","","person","","Luckhurst, Roger [person]","'The angle between two walls' : the fiction of J.G. Ballard","","Liverpool science fiction texts and studies","11 [Liverpool science fiction texts and studies]","England","Liverpool","Liverpool University Press","1997","","xix, 213 pages, illustrations, 1 facsimile, 24 cm","5281.187700","Science fiction, English--History and criticism ; Ballard, J. G, 1930-2009--Criticism and interpretation","","English","",""
"823.914","006716274","Monograph","Language material ; Text","Volume","GBA1W4933","","9780007124053","Ballard, J. G.","1930-2009","person","","Ballard, J. G., 1930-2009 [person]","The complete short stories","Short stories (Ibadan, Nigeria)","","","England","London","Flamingo","2001","","ix, 1189 pages, 25 cm","Nov.2001/1758","Great Britain--Social life and customs--20th century--Fiction","Fiction","English","",""
"823.914","006742115","Monograph","Language material ; Text","Volume","GB7633565","","9780905220031 ; 9780905220048","","","","","Gregory, Carol [person] ; Ballard, J. G., 1930-2009 [person] ; Pringle, David, 1950- [person] ; Goddard, James [person]","J.G. Ballard, the first twenty years","","","","England","Hayes ; Wimborne Ave, Hayes, Middlesex","Bran's Head","1976","","10, 76, 24 pages, illustrations, 1 portrait, 22 cm","X.989/51000","Science fiction, English--Bibliography ; Fiction in English--Ballard, J--G--James Graham--1930- ; Science fiction, English--History and criticism ; Ballard, J. G, 1930-2009--Criticism and interpretation","","English","",""
"823.914","007362469","Monograph","Language material ; Text","Volume","GB8104296","","9780224019149","Ballard, J. G.","1930-2009","person","","Ballard, J. G., 1930-2009 [person]","Hello America","","","","England","London","Cape","1981","","224 pages, 21 cm","Nov.43469","Fiction in English--1945---Texts","Science fiction","English","",""
"823.914","007363243","Monograph","Language material ; Text","Volume","GB8225521","","9780224029360","Ballard, J. G.","1930-2009","person","","Ballard, J. G., 1930-2009 [person]","Myths of the near future","","","","England","London","Cape","1982","","205 pages, 21 cm","X.958/12230","Science fiction, English ; Short stories in English--1945---Texts","","English","",""
"823.914","007364210","Monograph","Language material ; Text","Volume","GB8421509","","9780224609524","Ballard, J. G.","1930-2009","person","","Ballard, J. G., 1930-2009 [person]","The drought","","","","England","London","Cape","1984","","252 pages, 20 cm","Nov.52680","Fiction in English--1945---Texts","","English","",""
"823.914","007364211","Monograph","Language material ; Text","Volume","GB8421510","","9780224610445","Ballard, J. G.","1930-2009","person","","Ballard, J. G., 1930-2009 [person]","The crystal world","","","","England","London","Cape","1984","","221 pages, 20 cm","Nov.52689","Fiction in English--1945---Texts","","English","",""
"823.914","007364214","Monograph","Language material ; Text","Volume","GB8421511","","9780224611886","Ballard, J. G.","1930-2009","person","","Ballard, J. G., 1930-2009 [person]","The disaster area","","","","England","London","Cape","1984","","206 pages, 20 cm","Nov.52690","Fiction in English--1945---Texts","","English","",""
"823.914","007375120","Monograph","Language material ; Text","Volume","GB8903181","","9780435123420","Ballard, J. G.","1930-2009","person","","Ballard, J. G., 1930-2009 [person]","Empire of the sun","","","","England","","Heinemann","1989","","269 pages","Nov.1989/991","Fiction in English--1945---Texts","","English","",""
"823.914","007390693","Monograph","Language material ; Text","Volume","GB8325067","","9780460022576","Ballard, J. G.","1930-2009","person","","Ballard, J. G., 1930-2009 [person]","The drowned world","","Everyman fiction","","England","London","Dent","1983","","175 pages, 20 cm","12206.p.1/1385","Fiction in English--1945---Texts","","English","Originally published: London : Gollancz, 1962",""
"823.914","007390700","Monograph","Language material ; Text","Volume","GB8400816","","9780460022651","Ballard, J. G.","1930-2009","person","","Ballard, J. G., 1930-2009 [person]","The terminal beach","","Everyman fiction","","England","London","Dent","1984","","220 pages, 20 cm","12206p.1/1393","Fiction in English--1945---Texts","","English","Originally published: London : Gollancz, 1964",""
"823.914","007390701","Monograph","Language material ; Text","Volume","GB8421716","","9780460022668","Ballard, J. G.","1930-2009","person","","Ballard, J. G., 1930-2009 [person]","The voices of time","The four-dimensional nightmare","Everyman fiction","","England","London","Dent","1984","","197 pages, 20 cm","X.958/25866","Fiction in English--1945---Texts","","English","Originally published: London : Gollancz, 1963",""
"823.914","007390710","Monograph","Language material ; Text","Volume","GB8501473","","9780460022774","Ballard, J. G.","1930-2009","person","","Ballard, J. G., 1930-2009 [person]","Vermilion Sands","","Everyman fiction","","England","London","Dent","1985","","208 pages, 20 cm","X.958/29260","Fiction in English--1945---Texts","","English","Originally published: London : Cape, 1971",""
"823.914","007452727","Monograph","Language material ; Text","Volume","GB9335112","","9781857990003","Ballard, J. G.","1930-2009","person","","Ballard, J. G., 1930-2009 [person]","The voices of time","","","","England","London","Orion","1992","","197 pages","H.93/2487","English fiction--Short stories","","English","",""
"823.914","007452730","Monograph","Language material ; Text","Volume","GB9337132","","9781857990058","Ballard, J. G.","1930-2009","person","","Ballard, J. G., 1930-2009 [person]","Vermilion sands","","","","England","","Phoenix","1992","","208 pages","H.93/2658","English fiction--Short stories","","English","",""
"823.914","007452739","Monograph","Language material ; Text","Volume","GB9406030","","9781857990263","Ballard, J. G.","1930-2009","person","","Ballard, J. G., 1930-2009 [person]","The drowned world","","","","England","London","Phoenix","1993","","175 pages","H.94/2646","English fiction--20th century","","English","",""
"823.914","007734311","Monograph","Language material ; Text","Volume","GB99X5482","","9781857988833","Ballard, J. G.","1930-2009","person","","Ballard, J. G., 1930-2009 [person]","The drowned world","","","","England","London","Millennium","1999","","176 pages, 20 cm","","","","English","Originally published: London: Gollancz, 1962",""
"823.914","007741967","Monograph","Language material ; Text","Volume","GB9152763","","9780002237703","Ballard, J. G.","1930-2009","person","","Ballard, J. G., 1930-2009 [person]","War fever","","","","England","","Paladin","1991","","176 pages","","English fiction--Short stories","","English","",""
"823.914","008378557","Monograph","Language material ; Text","Volume","GBA0Y3997","","9780002258470","Ballard, J. G.","1930-2009","person","","Ballard, J. G., 1930-2009 [person]","Super-Cannes","","","","England","London","Flamingo","2000","","400 pages, 22 cm","","","","English","",""
"823.914","008379771","Monograph","Language material ; Text","Volume","GB97X8133","","9780006550648","Ballard, J. G.","1930-2009","person","","Ballard, J. G., 1930-2009 [person]","Cocaine nights","","","","England","London","Flamingo","1997","","336 pages, 20 cm","","Spain--Fiction","","English","Originally published: 1996",""
"823.914","008379820","Monograph","Language material ; Text","Volume","GBA1X7741","","9780006551607","Ballard, J. G.","1930-2009","person","","Ballard, J. G., 1930-2009 [person]","Super-Cannes","","","","England","London","Harper Perennial","2001","","400 pages, 20 cm","","British--France--Fiction","Fiction","English","Originally published: 2000",""
"823.914","008380865","Monograph","Language material ; Text","Volume","GBA2V6167","","9780007138128","Ballard, J. G.","1930-2009","person","","Ballard, J. G., 1930-2009 [person]","The complete short stories","","","","England","London","Flamingo","2002","","1200 pages, 22 cm","","","","English","Originally published: 2001",""
"823.914","008718046","Monograph","Language material ; Text","Volume","GB9026534","","9780002237703","Ballard, J. G.","1930-2009","person","","Ballard, J. G., 1930-2009 [person]","War fever","","","","England","","Collins","1990","","224 pages","YC.1990.b.7325","Fiction in English--1945---Texts","","English","",""
"823.914","008718047","Monograph","Language material ; Text","Volume","GB9116791","","9780002237710","Ballard, J. G.","1930-2009","person","","Ballard, J. G., 1930-2009 [person]","The kindness of women","","","","England","","HarperCollins","1991","","288 pages","NOV.1991/1644","English fiction","","English","",""
"823.914","008718235","Monograph","Language material ; Text","Volume","GB9467796","","9780002241342","Ballard, J. G.","1930-2009","person","","Ballard, J. G., 1930-2009 [person]","Rushing to paradise","","","","England","London","Flamingo","1994","","238 pages","Nov.1994/1848","English fiction","","English","",""
"823.914","008718236","Monograph","Language material ; Text","Volume","GB96X8951","","9780002241359","Ballard, J. G.","1930-2009","person","","Ballard, J. G., 1930-2009 [person]","Cocaine nights","","","","England","London","Flamingo","1996","","328 pages, 23 cm","Nov.1997/400","British--Spain--Costa del Sol--Fiction ; Retirees--Spain--Costa del Sol--Fiction ; Murder--Spain--Costa del Sol--Fiction","","English","",""
"823.914","008718766","Monograph","Language material ; Text","Volume","GBA368053","","9780002258487","Ballard, J. G.","1930-2009","person","","Ballard, J. G., 1930-2009 [person]","Millennium people","","","","England","London","Flamingo","2003","","294 pages, 23 cm","Nov.2004/174","Political violence--Great Britain--Fiction ; Social change--Great Britain--Fiction ; Middle class--Great Britain--Fiction","Fiction","English","",""
"823.914","008800192","Monograph","Language material ; Text","Volume","GBA058281","","9780853238218","Luckhurst, Roger","","person","","Luckhurst, Roger [person]","The angle between two walls : the fiction of J.G. Ballard","","Liverpool science fiction texts and studies","11 [Liverpool science fiction texts and studies]","England","Liverpool","Liverpool University Press","1997","","xix, 213 pages, 25 cm","YC.2000.a.10077","Ballard, J. G, 1930-2009","","English","",""
"823.914","009049159","Monograph","Language material ; Text","Volume","GB98V0828","","9780099273585","Ballard, J. G.","1930-2009","person","","Ballard, J. G., 1930-2009 [person]","Vermilion Sands","","","","England","London","Vintage","1999","","208 pages","","","","English","Originally published: London: Jonathan Cape, 1973",""
"823.914","009079749","Monograph","Language material ; Text","Volume","GB9450277","","9780586089958","Ballard, J. G.","1930-2009","person","","Ballard, J. G., 1930-2009 [person]","The unlimited dream company","","","","England","London","Flamingo","1992","","220 pages","","English fiction","","English","",""
"823.914","009079793","Monograph","Language material ; Text","Volume","GB9451576","","9780586089965","Ballard, J. G.","1930-2009","person","","Ballard, J. G., 1930-2009 [person]","The drought","","","","England","London","Flamingo","1993","","188 pages","","English fiction","","English","",""
"823.914","009376216","Monograph","Language material ; Text","Volume","GB9449332","","9780006545941","Ballard, J. G.","1930-2009","person","","Ballard, J. G., 1930-2009 [person]","The day of creation","","","","England","London","Flamingo","1993","","287 pages","H.94/2381","English fiction","","English","",""
"823.914","009376321","Monograph","Language material ; Text","Volume","GBA230549","","9780006548195","Ballard, J. G.","1930-2009","person","","Ballard, J. G., 1930-2009 [person]","Running wild","","Modern classics","","England","London","Flamingo","2002","","105 pages, 22 cm","H.2002/1862","Parricide--Fiction ; Murder--Investigation--Fiction","Fiction ; Suspense fiction","English","",""
"823.914","009379455","Monograph","Language material ; Text","Volume","GBA063200","","9780002258470 ; 9780007109289","Ballard, J. G.","1930-2009","person","","Ballard, J. G., 1930-2009 [person]","Super-Cannes","","","","England","London","Flamingo","2000","","391 pages, 22 cm","H.2000/2470","Women physicians--France--Riviera--Fiction ; Riviera (France)--Fiction","Fiction","English","",""
"823.914","009379653","Monograph","Language material ; Text","Volume","GBA127870","","9780007115181","Ballard, J. G.","1930-2009","person","","Ballard, J. G., 1930-2009 [person]","The drought","","","","England","London","Flamingo","2001","","232 pages, 18 cm","H.2001/4975","","","English","Originally published: London: Jonathan Cape, 1965",""
"823.914","009379730","Monograph","Language material ; Text","Volume","GBA1Z1912","","9780007116867","Ballard, J. G.","1930-2009","person","","Ballard, J. G., 1930-2009 [person]","The atrocity exhibition","","Flamingo modern classic","","England","London","Flamingo","2001","Revised, expanded, annotated edition","viii, 184 pages, 20 cm","H.2001/3204","Physicians--Fiction","Fiction","English","Previous edition: 1993",""
"823.914","009380953","Monograph","Language material ; Text","Volume","GBA3Z2483","","9780007162970","Ballard, J. G.","1930-2009","person","","Ballard, J. G., 1930-2009 [person]","High-rise","","Flamingo 70s classics series","","England","London","Flamingo","2003","","198 pages, 18 cm","H.2003/2429","High-rise apartment buildings--Social aspects--Fiction","Dystopia ; Fiction","English","Originally published: London: Jonathan Cape, 1975",""
"823.914","009734921","Monograph","Language material ; Text","Volume","GB9476503","","9780006547006","Ballard, J. G.","1930-2009","person","","Ballard, J. G., 1930-2009 [person]","Empire of the sun","","","","England","London","Flamingo","1994","","351 pages","","English fiction","","English","",""
"823.914","009734922","Monograph","Language material ; Text","Volume","GB9476532","","9780006547013","Ballard, J. G.","1930-2009","person","","Ballard, J. G., 1930-2009 [person]","The kindness of women","","","","England","London","Flamingo","1994","","348 pages","","English fiction","","English","",""
"823.914","009747114","Monograph","Language material ; Text","Volume","GB9455303","","9781857990218","Ballard, J. G.","1930-2009","person","","Ballard, J. G., 1930-2009 [person]","The terminal beach","","","","England","London","Phoenix","1993","","220 pages","","Science fiction, English ; English fiction--Short stories","","English","",""
"823.914","010077516","Monograph","Language material ; Text","Volume","GB8421998","","9780575034839","Ballard, J. G.","1930-2009","person","","Ballard, J. G., 1930-2009 [person]","Empire of the sun","","","","England","London","Gollancz","1984","","278 pages, 1 map, 24 cm","Nov.52378","Shanghai (China)--Fiction ; Fiction in English--1945---Texts ; World War, 1939-1945--China--Shanghai--Fiction","","English","",""
"823.914","010077545","Monograph","Language material ; Text","Volume","GB8421441","","9780575035140","Ballard, J. G.","1930-2009","person","","Ballard, J. G., 1930-2009 [person]","The terminal beach","","","","England","London","Gollancz","1985","","220 pages, 22 cm","Nov.53119","Short stories in English--1945---Texts","","English","",""
"823.914","010077546","Monograph","Language material ; Text","Volume","GB8423190","","9780575035157","Ballard, J. G.","1930-2009","person","","Ballard, J. G., 1930-2009 [person]","The voices of time","The four-dimensional nightmare","","","England","London","Gollancz","1985","","197 pages, 22 cm","Nov.53120","Short stories in English--1945---Texts","","English","Originally published: 1963",""
"823.914","010077749","Monograph","Language material ; Text","Volume","GB8546169","","9780575037700","Ballard, J. G.","1930-2009","person","","Ballard, J. G., 1930-2009 [person]","The day of forever","","","","England","London","Gollancz","1986","","126 pages, 23 cm","YC.1986.a.4527","Short stories in English--1945---Texts","","English","Originally published: London : Panther, 1967",""
"823.914","010077750","Monograph","Language material ; Text","Volume","GB8613737","","9780575037717","Ballard, J. G.","1930-2009","person","","Ballard, J. G., 1930-2009 [person]","The Venus hunters","","","","England","London","Gollancz","1986","","142 pages, 23 cm","YC.1987.a.1341","Fiction in English--1945---Texts","","English","Originally published: London : Granada, 1980",""
"823.914","010078059","Monograph","Language material ; Text","Volume","GB8732026","","9780575041523","Ballard, J. G.","1930-2009","person","","Ballard, J. G., 1930-2009 [person]","The day of creation","","","","England","London","Gollancz","1987","","256 pages, 24 cm","Nov.1987/2250","Physicians--Fiction ; Africa, Central--Fiction ; Fiction in English--1945---Texts ; Sahara--Fiction","Fiction","English","",""
"823.914","010082698","Monograph","Language material ; Text","Volume","GB98V4695","","9780746308677","Delville, Michel","1969-","person","","British Council [organisation] ; Delville, Michel, 1969- [person]","Ballard, J.G","","Writers and their work","","England","Plymouth","British Council ; Northcote House","1998","","x, 102 pages, 1 portrait, 22 cm","YC.1999.a.1206 ; m03/20033","Ballard, J. G, 1930-2009--Criticism and interpretation","","English","",""
"823.914","010129072","Monograph","Language material ; Text","Volume","GB9735426","","9780965046978","","","","","Juno, Andrea [person] ; Vale, Vivian [person]","J. G. Ballard","","RE/Search","number 8/9 [RE/Search]","England","Enfield ; San Francisco, California","Airlift ; Search Publications","1984","","171 pages, illustrations, portraits, 28 cm","YA.1997.b.3427","Science fiction, English--History and criticism ; Ballard, J. G, 1930-2009--Criticism and interpretation","","English","Cover title ; bibliography: p166-171. _ Includes index",""
"823.914","010655632","Monograph","Language material ; Text","Volume","GB8855655","","9780091734985","Ballard, J. G.","1930-2009","person","","Ballard, J. G., 1930-2009 [person]","Running wild","","","","England","","Century Hutchinson","1988","","80 pages","Nov.1989/213","Fiction in English--1945---Texts","","English","",""
"823.914","010661264","Monograph","Language material ; Text","Volume","GB9500620","","9780099265917","Ballard, J. G.","1930-2009","person","","Ballard, J. G., 1930-2009 [person]","Hello America","","","","England","London","Vintage","1994","","224 pages","H.95/1259","English fiction","","English","",""
"823.914","010662111","Monograph","Language material ; Text","Volume","GB9428812","","9780099334712","Ballard, J. G.","1930-2009","person","","Ballard, J. G., 1930-2009 [person]","Myths of the near future","","","","England","London","Vintage","1994","","205 pages","H.94/959","English fiction--Short stories","","English","",""
"823.914","010662112","Monograph","Language material ; Text","Volume","GB9500895","","9780099334811","Ballard, J. G.","1930-2009","person","","Ballard, J. G., 1930-2009 [person]","Concrete island","","","","England","London","Vintage","1994","","176 pages","H.95/119","English fiction","","English","",""
"823.914","010662113","Monograph","Language material ; Text","Volume","GB9508048","","9780099334910","Ballard, J. G.","1930-2009","person","","Ballard, J. G., 1930-2009 [person]","Crash","","","","England","London","Vintage","1995","","224 pages","H.95/1339","English fiction","","English","",""
"823.914","010705075","Monograph","Language material ; Text","Volume","GB8527359","","9780586023075","Ballard, J. G.","1930-2009","person","","Ballard, J. G., 1930-2009 [person]","The day of forever","","","","England","London","Panther","1985","","126 pages, 20 cm","X.958/30106 ; YK.1986.a.1534","Short stories in English--1945---Texts","","English","",""
"823.914","010705077","Monograph","Language material ; Text","Volume","GB9449371","","9780586024195","Ballard, J. G.","1930-2009","person","","Ballard, J. G., 1930-2009 [person]","The crystal world","","","","England","London","Flamingo","1993","","175 pages","H.94/2505","English fiction","","English","",""
"823.914","010705325","Monograph","Language material ; Text","Volume","GB9328652","","9780586044568","Ballard, J. G.","1930-2009","person","","Ballard, J. G., 1930-2009 [person]","High-Rise","","","","England","","Flamingo","1993","","173 pages","YK.1993.a.8434","English fiction","","English","",""
"823.914","010705691","Monograph","Language material ; Text","Volume","GB8100415","","9780586051870","Ballard, J. G.","1930-2009","person","","Ballard, J. G., 1930-2009 [person]","The Venus hunters","","A Panther book","","England","London","Granada","1980","","144 pages, 18 cm","H.81/86","Short stories in English--1945---Texts","","English","",""
"823.914","010705702","Monograph","Language material ; Text","Volume","GB8209543","","9780586052051","Ballard, J. G.","1930-2009","person","","Ballard, J. G., 1930-2009 [person]","The unlimited dream company","","","","England","London","Granada ; Triad","1981","","220 pages, 18 cm","H.82/351","Fiction in English--1945---Texts","","English","Originally published: London : Cape, 1979",""
"823.914","010705836","Monograph","Language material ; Text","Volume","GB8340198","","9780586055717","Ballard, J. G.","1930-2009","person","","Ballard, J. G., 1930-2009 [person]","Hello America","","","","England","London","Triad","1983","","236 pages, 18 cm","H.83/1143","Fiction in English--1945---Texts","","English","Originally published: London : Cape, 1981",""
"823.914","010705970","Monograph","Language material ; Text","Volume","GB8506399","","9780586058886","Ballard, J. G.","1930-2009","person","","Ballard, J. G., 1930-2009 [person]","Myths of the near future","","","","England","London","Triad","1984","","205 pages, 20 cm","X.958/26967","Short stories in English--1945---Texts","","English","Originally published: London : Cape, 1982",""
"823.914","010706231","Monograph","Language material ; Text","Volume","GB8644335","","9780586064306","Ballard, J. G.","1930-2009","person","","Ballard, J. G., 1930-2009 [person]","Empire of the sun","","","","England","London","Panther","1985","","351 pages, 1 map, 18 cm","H.86/49 ; VGR/1513 ; YK.1990.a.130","Fiction in English--1945---Texts","","English","Originally published: London : Gollancz, 1984",""
"823.914","010707323","Monograph","Language material ; Text","Volume","GB9159321","","9780586089897","Ballard, J. G.","1930-2009","person","","Ballard, J. G., 1930-2009 [person]","Crash","","","","England","","Paladin","1990","","171 pages","H.91/3561","","","English","",""
"823.914","010707324","Monograph","Language material ; Text","Volume","GB9360601","","9780586089927","Ballard, J. G.","1930-2009","person","","Ballard, J. G., 1930-2009 [person]","The atrocity exhibition","","","","England","London","Flamingo","1993","Revised, expanded and annotated edition","135 pages, 25 cm","YK.1994.b.666","English fiction","","English","Previous edition: London : Cape, 1970",""
"823.914","010707327","Monograph","Language material ; Text","Volume","GB9150045","","9780586089958","Ballard, J. G.","1930-2009","person","","Ballard, J. G., 1930-2009 [person]","The Unlimited Dream Company","","","","England","","Paladin","1990","","220 pages","H.91/2847","English fiction","","English","",""
"823.914","010707328","Monograph","Language material ; Text","Volume","GB9150023","","9780586089965","Ballard, J. G.","1930-2009","person","","Ballard, J. G., 1930-2009 [person]","The drought","","","","England","","Paladin","1990","","188 pages","H.91/2846","English fiction","","English","",""
"823.914","010707348","Monograph","Language material ; Text","Volume","GB9325649","","9780586090220","Ballard, J. G.","1930-2009","person","","Ballard, J. G., 1930-2009 [person]","Hello America","","","","England","","Flamingo","1993","","236 pages","H.93/2013","English fiction","","English","",""
"823.914","010707383","Monograph","Language material ; Text","Volume","GB9214596","","9780586090718","Ballard, J. G.","1930-2009","person","","Ballard, J. G., 1930-2009 [person]","The disaster area","","","","England","","Paladin","1992","","191 pages","H.92/905","English fiction","","English","",""
"823.914","010707474","Monograph","Language material ; Text","Volume","GB9214566","","9780586092255","Ballard, J. G.","1930-2009","person","","Ballard, J. G., 1930-2009 [person]","Concrete island","","","","England","","TriadGrafton","1992","","126 pages","H.92/906","English fiction","","English","",""
"823.914","010707540","Monograph","Language material ; Text","Volume","GB9434555","","9780586201008","Ballard, J. G.","1930-2009","person","","Ballard, J. G., 1930-2009 [person]","The day of creation","","","","England","London","Grafton","1988","","287 pages","H.94/2147","English fiction","","English","",""
"823.914","010708061","Monograph","Language material ; Text","Volume","GB9225918","","9780586210994","Ballard, J. G.","1930-2009","person","","Ballard, J. G., 1930-2009 [person]","The kindness of women","","","","England","","Grafton","1992","","348 pages","H.92/1725","English fiction","","English","",""
"823.914","011643445","Monograph","Language material ; Text","Volume","GB9450276","","9780586045039","Ballard, J. G.","1930-2009","person","","Ballard, J. G., 1930-2009 [person]","Low-flying aircraft and other stories","","","","England","London","Flamingo","1992","","190 pages","","English fiction","","English","",""
"823.914","011643450","Monograph","Language material ; Text","Volume","GB9344140","","9780586051870","Ballard, J. G.","1930-2009","person","","Ballard, J. G., 1930-2009 [person]","The venus hunters","","","","England","London","Flamingo","1992","","142 pages","","English fiction--Short stories","","English","",""
"823.914","011643603","Monograph","Language material ; Text","Volume","GB8859305","","9780586201008","Ballard, J. G.","1930-2009","person","","Ballard, J. G., 1930-2009 [person]","The day of creation","","","","England","","Grafton","1988","","287 pages","","Fiction in English--1945---Texts","","English","",""
"823.914","011818370","Monograph","Language material ; Text","Volume","GB8846166","","","Ballard, J. G.","1930-2009","person","","Ballard, J. G., 1930-2009 [person]","Why I want to fuck Ronald Reagan","","","","England","","Plashet","1988","","7 leaves","Cup.410.f.293","Fiction in English--1945-","","English","",""
"823.914","012013536","Monograph","Language material ; Text","Volume","","","9780893701383 ; 9780893702380","Pringle, David","","person","","Pringle, David [person]","Earth is the alien planet : J. G. Ballard's four-dimensional nightmare","","Popular writers of today ; The Milford series","volume 26 [Popular writers of today]","United States of America","San Bernardino, California","Borgo Press","1979","","63 pages, illustrations, 22 cm","6551.700000 ; YA.1986.a.2170","Science fiction, English--History and criticism ; Ballard, J. G, 1930-2009--Criticism and interpretation ; Fiction in English--Ballard, J--G--1930-","","English","",""
"823.914","012267613","Monograph","Language material ; Text","Volume","GB9776568","","9780575401297","Ballard, J. G.","1930-2009","person","","Ballard, J. G., 1930-2009 [person]","The drowned world","","","","England","London","Indigo","1997","","175 pages, 20 cm","","","","English","Originally published: London: Gollancz, 1962",""
"823.914","012267614","Monograph","Language material ; Text","Volume","GB97W8112","","9780575401303","Ballard, J. G.","1930-2009","person","","Ballard, J. G., 1930-2009 [person]","The voices of time","","","","England","London","Indigo","1997","","208 pages, 20 cm","","","","English","Originally published: London: Orion, 1992",""
"823.914","012267615","Monograph","Language material ; Text","Volume","GB97W8111","","9780575401310","Ballard, J. G.","1930-2009","person","","Ballard, J. G., 1930-2009 [person]","The terminal beach","","","","England","London","Indigo","1997","","224 pages, 20 cm","","","","English","Originally published: London: Phoenix, 1993",""
"823.914","012268676","Monograph","Language material ; Text","Volume","GB9619674","","9780586089910","Ballard, J. G.","1930-2009","person","","Ballard, J. G., 1930-2009 [person]","The day of forever","","","","England","London","Flamingo","1995","","126 pages, 20 cm","","","","English","Originally published, London: Panther books, 1967",""
"823.914","012300198","Monograph","Language material ; Text","Volume","GB8603258","","9780586045046","Ballard, J. G.","1930-2009","person","","Ballard, J. G., 1930-2009 [person]","The drought","","","","England","London","Triad","1985","","188 pages, 20 cm","","Fiction in English--1945---Texts","","English","Originally published: London : Cape, 1965",""
"823.914","012305385","Monograph","Language material ; Text","Sheet","GB8826625","","9780708984802","Ballard, J. G.","1930-2009","person","","Ballard, J. G., 1930-2009 [person]","The day of creation","","","","England","","Charnwood","1988","","384 pages (large print)","","Fiction in English--1945---Texts","","English","",""
"823.914","012636128","Monograph","Language material ; Text","Volume","GB8517319","","9780708982709","Ballard, J. G.","1930-2009","person","","Ballard, J. G., 1930-2009 [person]","Empire of the sun","","Charnwood large type ; Charnwood library series","","England","Leicester","Charnwood","1985","","465 pages, 1 map, 23 cm","Nov.54627","Fiction in English--1945---Texts","","English","Originally published: London : Gollancz, 1984 ; Published in large print",""
"823.914","012872862","Monograph","Language material ; Text","Volume","GBA4X8125","","9780006551614","Ballard, J. G.","1930-2009","person","","Ballard, J. G., 1930-2009 [person]","Millennium people","","","","England","London","HarperPerennial","2004","","304 pages, 20 cm","","Political violence--Great Britain--Fiction ; Social change--Great Britain--Fiction ; Middle class--Great Britain--Fiction","Fiction","English","Originally published: London: Flamingo, 2003",""
"823.914","012878725","Monograph","Language material ; Text","Volume","GBA4X2335","","9780099466895","Ballard, J. G.","1930-2009","person","","Ballard, J. G., 1930-2009 [person]","Crash","","","","England","London","Vintage","2004","","224 pages, 18 cm","","Traffic accident victims--Psychology--Fiction ; Traffic accident victims--Sexual behavior--Fiction ; Traffic accidents--Fiction","Fiction","English","Originally published: London: Jonathan Cape, 1973",""
"823.914","013056102","Monograph","Language material ; Text","Volume","GBA500039","","","Ballard, J. G.","1930-2009","person","","Ballard, J. G., 1930-2009 [person]","News from the sun","","","","England","London","Interzone","1982","","26 pages, 21 cm","YD.2005.a.1980 ; YD.2005.a.98","English literature--20th century","","English","",""
"823.914","013124861","Monograph","Language material ; Text","Volume","GBA518665","","9780719070525 ; 9780719070532","Gąsiorek, Andrzej","1960-","person","","Gąsiorek, Andrzej, 1960- [person]","J.G. Ballard","","Contemporary British novelists","","England","Manchester","Manchester University Press","2005","","228 pages, 23 cm","YC.2006.a.20620 ; m05/.29582","Ballard, J. G, 1930-2009--Criticism and interpretation","","English","",""
"823.914","013332131","Monograph","Language material ; Text","Volume","GBA594639","","9780007221523","Ballard, J. G.","1930-2009","person","","Ballard, J. G., 1930-2009 [person]","Empire of the sun","","Harper Perennial modern classics","","England","London","Harper Perennial","2006","","351 pages, 20 cm","H.2006/1736","Shanghai (China)--Fiction ; Boys--China--Shanghai--Fiction ; British--China--Shanghai--Fiction ; World War, 1939-1945--China--Shanghai--Fiction","Bildungsroman ; Fiction","English","Originally published: London: Gollancz, 1984",""
"823.914","013332133","Monograph","Language material ; Text","Volume","GBA594641","","9780007221837","Ballard, J. G.","1930-2009","person","","Ballard, J. G., 1930-2009 [person]","The drowned world","","","","England","London","Harper Perennial","2006","","175, 16 pages, 20 cm","H.2007/1821","","Fantasy","English","Originally published: London: Gollancz, 1962",""
"823.914","013447333","Monograph","Language material ; Text","Volume","GBA640092","","9780007232468","Ballard, J. G.","1930-2009","person","","Ballard, J. G., 1930-2009 [person]","Kingdom come","","","","England","London","Fourth Estate","2006","","304 pages, 24 cm","","Consumption (Economics)--Social aspects--England--Fiction","Dystopia ; Fiction","English","",""
"823.914","013454390","Monograph","Language material ; Text","Volume","GBA642031","","9780007227891","Ballard, J. G.","1930-2009","person","","Ballard, J. G., 1930-2009 [person]","The day of creation","","","","England","London","Harper Perennial","2006","","287 pages, 20 cm","H.2006/4481","Africa, Central--Fiction ; Physicians--Africa--Fiction","Fiction","English","Originally published: London: Gollancz, 1987",""
"823.914","013489936","Monograph","Language material ; Text","Volume","GBA653868","","","Ballard, J. G.","1930-2009","person","","Ballard, J. G., 1930-2009 [person]","The complete short stories","Short stories (Ibadan, Nigeria)","","","England","London","Harper Perennial","2006","","2 volumes, 20 cm","H.2007/201 ; H.2007/202","","","English","Originally published in 1 volume: London : Flamingo, 2001",""
"823.914","013618261","Monograph","Language material ; Text","Volume","GBA879907","","9780007116867","Ballard, J. G.","1930-2009","person","","Ballard, J. G., 1930-2009 [person]","The atrocity exhibition","","","","England","London","Harper Perennial","2006","Expanded and annotated edition","viii, 184, 22 pages, 20 cm","H.2008/2665","Physicians--Fiction","Fiction","English","",""
"823.914","013688749","Monograph","Language material ; Text","Volume","GBA718213","","9780007232475","Ballard, J. G.","1930-2009","person","","Ballard, J. G., 1930-2009 [person]","Kingdom come","","","","England","London","Harper Perennial","2007","","280 pages, 20 cm","H.2007/4797","Consumption (Economics)--Social aspects--England--Fiction","Dystopia ; Fiction","English","Originally published: London: Fourth Estate, 2006",""
"823.914","014100189","Monograph","Language material ; Text","Volume","GBA783541","","9780007268405","Ballard, J. G.","1930-2009","person","","Ballard, J. G., 1930-2009 [person]","Empire of the sun","","The Perennial collection","","England","London","Harper Perennial","2008","","351, 31 pages, 20 cm","H.2008/2388","Boys--China--Shanghai--Fiction ; Shanghai (China)--Fiction ; Bildungsromans ; British--China--Shanghai--Fiction ; World War, 1939-1945--China--Shanghai--Fiction","Fiction","English","Originally published: London: Gollancz, 1984",""
"823.914","014100194","Monograph","Language material ; Text","Volume","GBA783546","","9780007270729","Ballard, J. G.","1930-2009","person","","Ballard, J. G., 1930-2009 [person]","Miracles of life : Shanghai to Shepperton : an autobiography","","","","England","London","Fourth Estate","2008","","viii, 278 pages, illustrations, 23 cm","YK.2008.a.16774","Ballard, J. G, 1930-2009 ; World War, 1939-1945--Influence ; Novelists, English--20th century--Biography","Biography","English","",""
"823.914","014632838","Monograph","Language material ; Text","Volume","GBA872796","","9780007272341","Ballard, J. G.","1930-2009","person","","Ballard, J. G., 1930-2009 [person]","Miracles of life : Shanghai to Shepperton : an autobiography","","","","England","London","Harper Perennial","2008","","278 pages, illustrations, portraits, 20 cm","","Ballard, J. G, 1930-2009 ; Novelists, English--20th century--Biography","Biography","English","Originally published: London : Fourth Estate, 2008",""
"823.914","014632892","Monograph","Language material ; Text","Volume","GBA872850","","9780007287024","Ballard, J. G.","1930-2009","person","","Ballard, J. G., 1930-2009 [person]","Crash","","","","England","London","Harper Perennial","2008","","185, 30 pages, 20 cm","H.2009/671","Traffic accident victims--Psychology--Fiction ; Traffic accident victims--Sexual behavior--Fiction ; Traffic accidents--Fiction","Fiction","English","Originally published: London: Jonathan Cape, 1973",""
"823.914","014632893","Monograph","Language material ; Text","Volume","GBA872851","","9780007287031","Ballard, J. G.","1930-2009","person","","Ballard, J. G., 1930-2009 [person]","Hello America","","","","England","London","Harper Perennial","2008","","224, 25 pages, 20 cm","H.2009/.4677","America--Social conditions--Fiction ; America--Civilization--Fiction","Dystopia ; Fiction","English","Originally published: London: Cape, 1981",""
"823.914","014632894","Monograph","Language material ; Text","Volume","GBA872852","","9780007287048","Ballard, J. G.","1930-2009","person","","Ballard, J. G., 1930-2009 [person]","Concrete Island","","","","England","London","Harper Perennial","2008","","176, 28 pages, 20 cm","H.2009/500","Survival skills--Fiction ; Traffic accidents--Fiction ; Architects--Fiction ; Traffic accident victims--Fiction","Fiction","English","Originally published: London: Cape, 1974",""
"823.914","014708430","Monograph","Language material ; Text","Volume","GBA8A5764","","9780826497253 ; 9780826497260","","","","","Baxter, Jeannette [person]","J.G. Ballard","","Contemporary critical perspectives","","England","London","Continuum","2008","","xvii, 151 pages, 25 cm","YC.2010.a.8207 ; m11/.11306","Ballard, J. G, 1930-2009--Criticism and interpretation","","English","",""
"823.914","014746785","Monograph","Language material ; Text","Volume","GBB057064","","9780955575310","Roberts, Arthur","","person","critic","Roberts, Arthur, critic [person]","Empire of the sun, J.G. Ballard","","EK passport study notes","","England","Leeds","EK Press","2008","","116 pages, 21 cm","YK.2010.a.14655","Ballard, J. G, 1930-2009","","English","paperback",""
"823.914","014771483","Monograph","Language material ; Text","Volume","GBA8B6288","","9780754662679","Baxter, Jeannette","","person","","Baxter, Jeannette [person]","J.G. Ballard's surrealist imagination : spectacular authorship","","","","England","Farnham","Ashgate","2009","","xi, 243 pages, illustrations, 24 cm","YC.2009.a.8685 ; m09/.25321","Surrealism (Literature) ; Science fiction, English--History and criticism ; Ballard, J. G, 1930-2009--Criticism and interpretation","","English","",""
"823.914","014782993","Monograph","Language material ; Text","Volume","GBA8C1396","","9780753195246","Ballard, J. G.","1930-2009","person","","Ballard, J. G., 1930-2009 [person]","Miracles of life : Shanghai to Shepperton : an autobiography","","","","England","Oxford","ISIS","2009","Large print edition","249 pages (large print), 25 cm","LT.2009.x.390","Ballard, J. G, 1930-2009 ; World War, 1939-1945--Influence ; Large type books ; Novelists, English--20th century--Biography","Biography","English","Originally published: London: Fourth Estate, 2008",""
"823.914","014785570","Monograph","Language material ; Text","Volume","GBA9C2295","","9780006548140","Ballard, J. G.","1930-2009","person","","Ballard, J. G., 1930-2009 [person]","Rushing to paradise","","","","England","London","HarperCollins","2008","","238 pages, 16 pages, 20 cm","H.2009/.5259","","","English","First published in 1994 by Flamingo",""
"823.914","015118840","Monograph","Language material ; Text","Volume","","","9782915453478","","","","","Ballard, J. G., 1930-2009 [person] ; Schmidt, Jérôme [person] ; Notéris, Emilie [person]","J.G. Ballard : hautes altitudes","","","","France","Alfortville","","2008","","216 pages, illustrations, 19 cm","YF.2012.a.13231","British Science Fiction Literature--20th Century--Critical Essays ; Ballard, J. G, 1930-2009--Criticism and interpretation","","French","",""
"823.914","015565821","Monograph","Language material ; Text","Volume","GBB066737","","9780007378333","Ballard, J. G.","1930-2009","person","","Ballard, J. G., 1930-2009 [person]","Empire of the sun","","","","England","London","Fourth Estate","2010","Special commemorative edition","1 volume, 24 cm","","Shanghai (China)--Fiction ; Boys--China--Shanghai--Fiction ; British--China--Shanghai--Fiction ; World War, 1939-1945--China--Shanghai--Fiction","Bildungsroman ; Fiction","English","Originally published: London: Gollancz, 1984",""
"823.914","015565822","Monograph","Language material ; Text","Volume","GBB066738","","9780007378340","Ballard, J. G.","1930-2009","person","","Ballard, J. G., 1930-2009 [person]","Crash","","","","England","London","Fourth Estate","2010","Special commemorative edition","1 volume, 24 cm","","Traffic accident victims--Psychology--Fiction ; Traffic accident victims--Sexual behavior--Fiction ; Traffic accidents--Fiction","Fiction","English","Originally published: London: Jonathan Cape, 1973",""
"823.914","015813207","Monograph","Language material ; Text","Volume","GBB161576","","9780230278127","","","","","Baxter, Jeannette [person] ; Wymer, Rowland [person]","J.G. Ballard : visions and revisions","","","","England","Basingstoke","Palgrave Macmillan","2012","","x, 255 pages, 23 cm","YC.2013.a.7839","Science fiction, English--History and criticism ; Ballard, J. G, 1930-2009--Criticism and interpretation","","English","",""
"823.914","015813334","Monograph","Language material ; Text","Volume","GBB161703","","9780297863526","Baxter, John","1939-","person","","Baxter, John, 1939- [person]","The inner man : the life of J.G. Ballard","","","","England","London","Weidenfeld & Nicolson","2011","","377 pages, 16 pages of plates, illustrations (some colour), portraits (some colour), 24 cm","YK.2012.a.13855","Ballard, J. G, 1930-2009 ; Novelists, English--20th century--Biography","Biography","English","",""
"823.914","015830574","Monograph","Language material ; Text","Volume","GBB175330","","9781441161956","Francis, Samuel T.","","person","","Francis, Samuel T. [person]","The psychological fictions of J.G. Ballard","","Continuum literary studies series","","England","London","Continuum","2011","","202 pages, 24 cm","YC.2011.a.17050","Ballard, J. G, 1930-2009--Criticism and interpretation ; Psychology in literature","","English","",""
"823.914","016062793","Monograph","Language material ; Text","Volume","GBB233469","","9780297863533 ; 9780753828892","Baxter, John","1939-","person","","Baxter, John, 1939- [person]","The inner man : the life of J.G. Ballard","","","","England","London","Phoenix","2012","","1 volume, illustrations (some colour), 20 cm","","Ballard, J. G, 1930-2009 ; Novelists, English--20th century--Biography","Biography","English","Originally published: London: Weidenfeld & Nicolson, 2011",""
"823.914","016086021","Monograph","Language material ; Text","Volume","GBB246800","","9780007454853","Ballard, J. G.","1930-2009","person","","O'Hara, Daniel Finbarr John, 1972- [person] ; Ballard, J. G., 1930-2009 [person] ; Sellars, Simon [person]","Extreme metaphors : selected interviews with J.G. Ballard, 1967-2008","","","","England","London","Fourth Estate","2012","","xxiii, 503 pages, 24 cm","YC.2013.a.7204","Ballard, J. G, 1930-2009--Interviews","Interview","English","",""
"823.914","016256756","Monograph","Language material ; Still image ; Text","Volume","GBB305811","","9780985762513","","","","","Ballard, J. G., 1930-2009 [person] ; Black, Candice, editor [person] ; Ballard, J. G., 1930-2009, artist ; author ; interviewee [person]","Terminal atrocity zone : Ballard","Advertiser's announcements ; Coitus 80 ; Journey across a crater","","","Thailand","Bangkok","Sun Vision","2013","","1 volume, black and white illustrations, 23 cm","","Science fiction, English ; Ballard, J. G, 1930-2009--Criticism and interpretation ; Ballard, J. G, 1930-2009--Interviews","Interview","English","",""
"823.914","016421208","Monograph","Language material ; Text","Volume","GBB5G7481","","9781472513038","Francis, Samuel","","person","author ; lecturer","Francis, Samuel, author ; lecturer [person]","The psychological fictions of J.G. Ballard","","Continuum literary studies series","","England","London","Continuum","2011","","202 pages, 24 cm","","English fiction--21st century--History and criticism ; Ballard, J. G, 1930-2009--Criticism and interpretation ; Psychological fiction, English--History and criticism ; English fiction--20th century--History and criticism","","English","",""
"823.914","016536302","Monograph","Language material ; Text","Volume","GBB3A0613","","9780007454860","Ballard, J. G.","1930-2009","person","author","O'Hara, Daniel Finbarr John, 1972-, editor [person] ; Ballard, J. G., 1930-2009, author [person] ; Sellars, Simon, editor [person]","Extreme metaphors : selected interviews with J.G. Ballard, 1967-2008","Works. Selections","","","England","London","Fourth Estate","2014","","503 pages, 20 cm","","Authors, English--20th century--Interviews ; Ballard, J. G, 1930-2009--Interviews","Interview","English","Includes index ; Originally published: 2012",""
"823.914","016659368","Monograph","Language material ; Text","Volume","","","9780312131647 ; 9780312134150","Ballard, J. G.","1930-2009","person","author","Ballard, J. G., 1930-2009, author [person]","Rushing to paradise","","","","United States of America","New York","Picador USA","1995","1st Picador USA edition","238 pages, 22 cm","YD.2014.a.1226","Feminists--Fiction ; Utopias--Fiction ; Islands of the Pacific--Fiction ; Women environmentalists--Fiction","Humour or satire ; Utopian fiction","English","",""
"823.914","016659370","Monograph","Language material ; Text","Volume","","","9780870541575","Ballard, J. G.","1930-2009","person","author","Ballard, J. G., 1930-2009, author [person] ; Potter, J. K., illustrator [person]","Memories of the space age","Short stories. Selections","","","United States of America","Sauk City, Wisconson","Arkham House","1988","First edition","216 pages, black and white illustrations, 21 cm","YD.2014.a.1221","Science fiction, English","","English","Eight stories originally published between 1962 and 1985",""
"823.914","016659399","Monograph","Language material ; Text","Volume","","","9781887178662","Ballard, J. G.","1930-2009","person","author","Ballard, J. G., 1930-2009, author [person]","Cocaine nights","","","","United States of America","Washington, District of Columbia","Counterpoint","1998","","328 pages, 23 cm","YD.2014.a.1219","British--Spain--Fiction ; Retirees--Fiction","Detective and mystery fiction","English","Originally published: London : HarperCollinsPublishers. 1996",""
"823.914","016659405","Monograph","Language material ; Text","Volume","","","9780374524135","Ballard, J. G.","1930-2009","person","author","Ballard, J. G., 1930-2009, author [person]","Concrete island","","","","United States of America","New York","Noonday Press","1994","","175 pages, 21 cm","YD.2014.a.1220","Survival after airplane accidents, shipwrecks, etc--Fiction ; Traffic accidents--Fiction","Fiction","English","Originally published: Farrar, Straus and Giroux. 1974",""
"823.914","016659420","Monograph","Language material ; Text","Volume","","","9780671530518","Ballard, J. G.","1930-2009","person","author","Ballard, J. G., 1930-2009, author [person]","Empire of the Sun : a novel","","","","United States of America","New York","Simon & Schuster","1984","","279 pages, 25 cm","YD.2014.a.1223","Boys--Fiction ; Shanghai (China)--Fiction ; World War, 1939-1945--China--Shanghai--Fiction","Bildungsroman","English","Sequel: The kindness of women",""
"823.914","016659424","Monograph","Language material ; Text","Volume","GBB436825","","9780743265232","Ballard, J. G.","1930-2009","person","author","Ballard, J. G., 1930-2009, author [person]","Empire of the Sun : a novel","","","","United States of America","New York","Simon & Schuster","2005","First Simon and Schuster paperbacks edition","279 pages, 22 cm","YD.2014.a.1225","Boys--Fiction ; Shanghai (China)--Fiction ; World War, 1939-1945--China--Shanghai--Fiction","Bildungsroman ; Fiction","English","Originally published: 1984",""
"823.914","016659427","Monograph","Language material ; Text","Volume","","","9780374286453","Ballard, J. G.","1930-2009","person","author","Ballard, J. G., 1930-2009, author [person]","War fever","Short stories. Selections","","","United States of America","New York","Farrar, Straus & Giroux","1991","First American edition","175 pages, 24 cm","YD.2014.a.1224","","","English","Includes index ; Originally published: Great Britain : William Collins Sons & Company Limited. 1990",""
"823.914","016659441","Monograph","Language material ; Text","Volume","","","9780374181109","Ballard, J. G.","1930-2009","person","author","Ballard, J. G., 1930-2009, author [person]","The kindness of women","","","","United States of America","New York","Farrar, Straus & Giroux","1991","First American edition","343 pages, 24 cm","YD.2014.a.1222","","","English","Originally published: Great Britain : HarperCollinsPublishers. 1991",""
"823.914","016984568","Monograph","Language material ; Text","Online resource (ePub ebook)","GBB4F0906","","9780008120269","Ballard, J. G.","1930-2009","person","author","Ballard, J. G., 1930-2009, author [person]","Running wild","","","","England","London","Fourth Estate","2014","","1 online resource","","","Suspense fiction","English","",""
"823.914","017379931","Monograph","Language material ; Text","Volume","GBB569149","","9780008134891","Ballard, J. G.","1930-2009","person","author","Ballard, J. G., 1930-2009, author [person]","High-rise","","","","England","London","4th Estate","2016","Film tie-in edition","248 pages, 20 cm","H.2017/.7285","High-rise apartment buildings--Social aspects--Fiction","Dystopia ; Fiction","English","Film tie-in ; Originally published: London: Cape, 1975",""
"823.914","017534390","Monograph","Language material ; Still image ; Text","Volume","GBB5C2188","","9781780240183","Paddy, David Ian","","person","author","Paddy, David Ian, author [person]","The empires of J.G. Ballard : an imagined geography","","SF storyworlds","2 [SF storyworlds]","England","Canterbury","Gylphi","2015","","ix, 366 pages, illustrations, 22 cm","YC.2016.a.5391","Ballard, J. G, 1930-2009--Criticism and interpretation","","English","'A Gylphi Limited book' ; Additional physical form: ebook version. 9781780240206",""
"823.914","017535047","Monograph","Language material ; Still image ; Text","Online resource (ePub ebook ; Kindle ebook)","GBB5C2844","","9781780240190 ; 9781780240206","Paddy, David Ian","","person","author","Paddy, David Ian, author [person]","The empires of J.G. Ballard : an imagined geography","","SF storyworlds","2 [SF storyworlds]","England","Canterbury","Gylphi","2015","","1 online resource, illustrations","","Ballard, J. G, 1930-2009--Criticism and interpretation","","English","Additional physical form: Print version. 9781780240183",""
"823.914","017808221","Monograph","Language material ; Text","Volume","GBB7B6597","","9781784870997","Ballard, J. G.","1930-2009","person","author","Ballard, J. G., 1930-2009, author [person]","Vermilion sands","Short stories. Selections","","","England","London","Vintage","2016","","208 pages, 18 cm + 1 sheet of acetate","YKL.2017.a.9684","Dystopias--Fiction","Fiction","English","Includes 1 sheet of acetate which animates cover art, attached to inside front cover ; Originally published: Great Britain: Jonathan Cape, 1973",""
"823.914","017847370","Monograph","Language material ; Text","Online resource","GBB6F6382","","9780007382910","Ballard, J. G.","1930-2009","person","","Ballard, J. G., 1930-2009 [person]","High-rise","","","","Australia","Sydney","Fourth Estate","2014","","1 online resource","ELD.DS.60012","High-rise apartment buildings--Social aspects--Fiction ; Regression (Psychology)--Fiction ; Fiction--General ; Fiction in English","Fiction","English","Fiction",""
"823.914","017969260","Monograph","Language material ; Text","Volume","GBB6B0529","","9789004313859","","","","","Stainforth, Elizabeth, 1986-, editor [person] ; Brown, Richard, 1954-, editor [person] ; Duffy, Christopher, 1977-, editor [person]","J. G. Ballard : landscapes of tomorrow","","Dialogue","22 [Dialogue]","Netherlands","Boston ; Leiden","Brill","2016","","x, 160 pages, colour illustrations, 25 cm","YD.2016.a.2770","Ballard, J. G, 1930-2009--Criticism and interpretation","","English","Additional physical form: Online version. J. G. Ballard. Leiden ; Boston : Brill, [2016]. 9789004313866",""
"823.914","018137848","Monograph","Language material ; Text","Online resource","GBB7J7739","","9781351925815","Baxter, Jeannette","","person","","Baxter, Jeannette [person]","J.G. Ballard's surrealist imagination : spectacular authorship","","","","","","Routledge","2016","","1 online resource (256 pages)","ELD.DS.104082","Surrealism (Literature) ; Science fiction, English--History and criticism ; Ballard, J. G, 1930-2009--Criticism and interpretation","","English","",""
"823.914","018263881","Monograph","Language material ; Text","Online resource (ePub ebook)","GBB745514","","9780008257316","Ballard, J. G.","1930-2009","person","author","Ballard, J. G., 1930-2009, author [person] ; Beckett, Chris, 1955-, editor [person]","Crash","","","","England","London","4th Estate","2017","Epub edition","1 online resource","ELD.DS.137742","Fiction and related items / Modern and contemporary fiction (post c. 1945) ; Fiction--Literary ; FICTION--Literary","","English","Additional physical form: Print version. 9780007287024 ; Previously issued in print: London: Jonathan Cape, 1973",""
"823.914","018277852","Monograph","Language material ; Text","Online resource (ePub ebook)","GBB756979","","9780007513628","Ballard, J. G.","1930-2009","person","author","Ballard, J. G., 1930-2009, author [person]","The disaster area","","","","England","London","Collins Flamingo","2017","EPub edition","1 online resource","ELD.DS.295941","Fiction and related items / Fiction: special features / Short stories ; FICTION / Short Stories (single author) ; FICTION / Medical","","English","",""
"823.914","018394316","Monograph","Language material ; Still image ; Text","Volume","GBB7F6365","","","Ballard, J. G.","1930-2009","person","author","Laing, Tim, illustrator [person] ; Ballard, J. G., 1930-2009, author [person] ; Boyd, William, 1952-, writer [person] ; Folio Society (London, England) [organisation]","Empire of the sun","","","","England","London","Folio Society","2017","","xiv, 278 pages, 4 leaves of plates, black and white illustrations, 1 map (black and white), 25 cm","Nov.2017/2094","","","English","'The text of this edition follows that of the first edition, with minor emendations'--Title page verso ; In slipcase ; Originally published: London : Victor Gollancz, 1984",""
"823.914","018511696","Monograph","Language material ; Text","Online resource","GBB7H3224","","9781446420041","Ballard, J. G.","1930-2009","person","","Ballard, J. G., 1930-2009 [person]","Vermilion Sands","","","","England ; United Kingdom","London","Vintage Digital","2010","","1 online resource (208 pages)","ELD.DS.183677","FICTION / Short Stories (single author) ; Fiction","","English","",""
"823.914","018831946","Monograph","Language material ; Text","Online resource (ebook)","GBB869133","","9780252050039","Wilson, D. Harlan","","person","author","Wilson, D. Harlan, author [person]","J.G. Ballard","","Modern masters of science fiction","","United States of America","Urbana","University of Illinois Press","2018","","1 online resource","","Science fiction, English--History and criticism ; Ballard, J. G, 1930-2009--Criticism and interpretation","","English","Additional physical form: Print version. 9780252041433 ; Previously issued in print: 2017",""
"823.914","018841974","Monograph","Language material ; Text","Online resource","GBB879538","","9781441182401","Francis, Samuel","","person","author ; lecturer","Francis, Samuel, author ; lecturer [person]","The psychological fictions of J.G. Ballard","","Continuum literary studies series","","England ; United Kingdom","London","Continuum","2011","","1 online resource (210 pages)","ELD.DS.278199","English fiction--20th century--History and criticism ; English fiction--21st century--History and criticism ; Literary Criticism--General ; Ballard, J. G, 1930-2009--Criticism and interpretation ; Literary studies: from c 1900 ; Literary studies: fiction, novelists & prose writers ; Psychological fiction, English--History and criticism","","English","",""
"823.914","019229217","Monograph","Language material ; Text","Volume","","","9780252041433 ; 9780252082955","Wilson, D. Harlan","","person","author","Wilson, D. Harlan, author [person]","J. G. Ballard","","Modern masters of science fiction","","United States of America","Urbana","University of Illinois Press","2017","","x, 197 pages, 24 cm","YD.2019.a.541","BIOGRAPHY & AUTOBIOGRAPHY / Literary ; LITERARY CRITICISM / Science Fiction & Fantasy ; Science fiction, English--History and criticism ; Ballard, J. G, 1930-2009--Criticism and interpretation","","English","Additional physical form: Wilson, D. Harlan, author. Online version. J. G. Ballard. Urbana : University of Illinois Press, 2017. 9780252050039",""
"823.914","019242235","Monograph","Language material ; Text","Volume","GBB922829","","9780008329754","Ballard, J. G.","1930-2009","person","author","Ballard, J. G., 1930-2009, author [person]","Empire of the sun","","4th Estate matchbook classics","","England","London","4th Estate","2019","","1 volume, 20 cm","","Shanghai (China)--Fiction ; British--China--Shanghai--Fiction ; World War, 1939-1945--China--Shanghai--Fiction","Bildungsroman ; Fiction","English","Originally published: London: Gollancz, 1984",""
"823.914","019388553","Monograph","Language material ; Text","Online resource","GBB986875","","9781282875401 ; 9781441163622","","","","","Baxter, Jeannette [person]","J.G. Ballard","Death at work : the cinematic imagination of J.G. Ballard ; Disquieting features : an introductory tour of The atrocity exhibition ; From Shanghai to Shepperton : crises of representation in J.G. Ballard's Londons ; J.G. Ballard and the contemporary ; Mind is the battlefield : reading Ballard's 'Life trilogy' as war literature ; Situating the violence of J.G. Ballard's postmillennial fiction : the possibilities of sacrifice, the certainties of trauma ; The Gothic, the body, and the failed homeopathy argument : reading Crash ; The geometry of the space age : J.G. Ballard's short fiction and science fiction of the 1960s ; Visions of Europe in Cocaine nights and Super-Cannes","Contemporary critical perspectives","","England ; United States of America","London ; New York","Continuum","2008","","1 online resource (xvii, 151 pages)","ELD.DS.416813","Ballard, J. G, 1930-2009 ; LITERARY CRITICISM--European--English, Irish, Scottish, Welsh ; Ballard, James G ; Ballard, J. G, 1930-2009--Criticism and interpretation","Aufsatzsammlung ; Criticsm and interpretation","English","",""
"823.92","014624379","Monograph","Language material ; Text","Volume","GBA877098","","9780586089958","Ballard, J. G.","1930-2009","person","","Ballard, J. G., 1930-2009 [person]","The Unlimited Dream Company","","","","England","London","HarperPerennial","2008","","220, 16 pages, 20 cm","H.2008/2534","Fiction in English","Fantasy","English","Includes 16 p. interview section ; Originally published by Jonathan Cape, 1979",""
"823.92","014624400","Monograph","Language material ; Text","Volume","GBA877101","","9780586089965","Ballard, J. G.","1930-2009","person","","Ballard, J. G., 1930-2009 [person]","The drought","","","","England","London","HarperPerennial","2008","","232, 12 pages, 21 cm","H.2008/2535","","Fantasy","English","Includes 12 p. notes section ; Originally published : Jonathan Cape, 1965",""
"824.914","008720158","Monograph","Language material ; Text","Volume","GB9607631","","9780002555524","Ballard, J. G.","1930-2009","person","","Ballard, J. G., 1930-2009 [person]","A user's guide to the millennium : essays and reviews","","","","England","London","HarperCollins","1996","","304 pages, 24 cm","96/07398 ; YK.1996.b.1967","English prose--Essays ; Civilization, Modern--20th century","","English","",""
"824.914","016659433","Monograph","Language material ; Text","Volume","","","9780312144401","Ballard, J. G.","1930-2009","person","author","Ballard, J. G., 1930-2009, author [person]","A user's guide to the millennium : essays and reviews","Essays. Selections","","","United States of America","New York","Picador USA","1996","First Picador USA edition","304 pages, 22 cm","YD.2014.a.1227","","","English","Includes index ; Originally published: Great Britain : HarperCollinsPublishers. 1996",""
"828.91402","013086488","Monograph","Language material ; Text","Volume","GBA505293","","9781889307121","Ballard, J. G.","1930-2009","person","","Ballard, J. G., 1930-2009 [person] ; Vale, V. [person] ; Barrado, Ana [person]","Quotes","","","","United States of America","San Francisco, California","Search","2004","","414 pages, illustrations, 18 cm","YK.2007.a.11243","Ballard, J. G, 1930-2009--Quotations","Quotation or maxim","English","",""
"828.91409","013086489","Monograph","Language material ; Text","Volume","GBA505294","","9781889307138","Ballard, J. G.","1930-2009","person","","Ballard, J. G., 1930-2009 [person] ; Vale, V. [person]","Conversations","","","","United States of America","San Francisco, California","Search","2005","","358 pages, illustrations, 18 cm","YK.2007.a.4047","Ballard, J. G, 1930-2009--Interviews","Interview","English","",""
